{
	"pattrstorage" : 	{
		"name" : "savePatch",
		"slots" : 		{
			"1" : 			{
				"id" : 1,
				"data" : 				{
					"flonum[1]" : [ 0.0 ],
					"flonum[2]" : [ 0.0 ],
					"flonum[3]" : [ 0.0 ],
					"flonum[5]" : [ 0.0 ],
					"flonum[7]" : [ 0.0 ],
					"function[1]" : [ 1.0, 0.0, 1.0, 0.0, 1.0, 0, 0.0, 1.0, 0.0, 0, 0.0, "curve" ],
					"function[2]" : [ 1.0, 0.0, 1.0, 0.0, 0.0, 0, 0.0, 0.579545, 0.37037, 0, 0.0, 1.0, 1.0, 0, 0.0, "curve" ],
					"function[3]" : [ 1.0, 0.0, 1.0, 0.0, 0.0, 0, 0.0, 1.0, 1.0, 0, 0.0, "curve" ],
					"function[5]" : [ 1.0, 0.0, 1.0, 0.0, 0.37037, 0, 0.0, 1.0, 1.0, 0, 0.0, "curve" ],
					"function[6]" : [ 1.0, 0.0, 1.0, 0.0, 0.0, 0, 0.0, 0.230114, 0.0, 0, 0.0, 0.355114, 0.777778, 0, 0.0, 0.75, 1.0, 0, 0.0, 1.0, 1.0, 0, 0.0, "curve" ],
					"function[7]" : [ 1.0, 0.0, 1.0, 0.034091, 0.0, 0, 0.0, 1.0, 1.0, 0, 0.0, "curve" ],
					"function[8]" : [ 1.0, 0.0, 1.0, 0.034091, 0.0, 0, 0.0, 0.25, 0.12963, 0, 0.0, 0.397727, 0.759259, 0, 0.0, 0.534091, 0.944444, 0, 0.0, 1.0, 1.0, 0, 0.0, "curve" ],
					"live.text" : [ 0.0 ],
					"number[10]" : [ 0.0 ],
					"number[11]" : [ 0.0 ],
					"number[12]" : [ 0.0 ],
					"number[14]" : [ 0.0 ],
					"number[15]" : [ 0.937037 ],
					"number[6]" : [ 0.0 ]
				}

			}

		}

	}

}
