{
	"pattrstorage" : 	{
		"name" : "ParamEQstorage",
		"slots" : 		{
			"1" : 			{
				"id" : 1,
				"data" : 				{
					"band1[1]" : [ 5.0, 206.0, 0.0, 1.0 ],
					"band2[1]" : [ 5.0, 324.0, 0.0, 1.0 ],
					"band3[1]" : [ 5.0, 1000.0, 0.0, 1.0 ],
					"band4[1]" : [ 5.0, 1000.0, 0.0, 1.0 ],
					"band5[1]" : [ 5.0, 1000.0, 0.0, 1.0 ],
					"band6[1]" : [ 5.0, 1622.41333, -17.716541, 3.892897 ]
				}

			}
,
			"2" : 			{
				"id" : 2,
				"data" : 				{
					"band1[1]" : [ 5.0, 206.0, 7.57382, 0.894215 ],
					"band2[1]" : [ 5.0, 324.798218, -6.850135, 8.504527 ],
					"band3[1]" : [ 5.0, 1000.0, 0.0, 1.0 ],
					"band4[1]" : [ 5.0, 1000.0, 0.0, 1.0 ],
					"band5[1]" : [ 5.0, 1000.0, 0.0, 1.0 ],
					"band6[1]" : [ 5.0, 1622.41333, -17.716541, 3.892897 ]
				}

			}
,
			"3" : 			{
				"id" : 3,
				"data" : 				{
					"band1[1]" : [ 5.0, 206.0, 7.455479, 0.5 ],
					"band2[1]" : [ 5.0, 296.858093, -1.546252, 1.211734 ],
					"band3[1]" : [ 5.0, 800.0, 11.33858, 0.846279 ],
					"band4[1]" : [ 5.0, 1000.0, 0.0, 1.0 ],
					"band5[1]" : [ 5.0, 1000.0, 0.0, 1.0 ],
					"band6[1]" : [ 5.0, 1622.41333, -17.716541, 3.892897 ]
				}

			}
,
			"4" : 			{
				"id" : 4,
				"data" : 				{
					"band1[1]" : [ 5.0, 205.625, 3.682426, 0.566793 ],
					"band2[1]" : [ 5.0, 297.054474, -6.653842, 0.661194 ],
					"band3[1]" : [ 5.0, 717.832092, 13.937004, 0.564225 ],
					"band4[1]" : [ 5.0, 1118.579346, 0.0, 1.0 ],
					"band5[1]" : [ 5.0, 1310.146851, 0.0, 12.823075 ],
					"band6[1]" : [ 5.0, 1583.512695, -15.602634, 6.071273 ]
				}

			}

		}

	}

}
