{
	"pattrstorage" : 	{
		"name" : "ParamEQstorage",
		"slots" : 		{
			"1" : 			{
				"id" : 1,
				"data" : 				{
					"band1[1]" : [ 5.0, 200.0, 0.0, 1.0 ],
					"band2[1]" : [ 5.0, 300.0, 0.0, 1.0 ],
					"band3[1]" : [ 5.0, 400.0, 0.0, 1.0 ],
					"band4[1]" : [ 5.0, 500.0, 0.0, 1.0 ],
					"band5[1]" : [ 5.0, 800.0, 0.0, 1.0 ],
					"band6[1]" : [ 5.0, 1000.0, 0.0, 1.0 ]
				}

			}
,
			"2" : 			{
				"id" : 2,
				"data" : 				{
					"band1[1]" : [ 5.0, 200.0, 16.0, 1.568695 ],
					"band2[1]" : [ 5.0, 300.0, 0.0, 1.0 ],
					"band3[1]" : [ 5.0, 400.0, 15.0, 1.881985 ],
					"band4[1]" : [ 5.0, 500.0, 0.0, 1.0 ],
					"band5[1]" : [ 5.0, 800.0, 0.0, 1.0 ],
					"band6[1]" : [ 5.0, 1000.0, 0.0, 1.0 ]
				}

			}
,
			"3" : 			{
				"id" : 3,
				"data" : 				{
					"band1[1]" : [ 5.0, 200.0, 9.0, 1.568695 ],
					"band2[1]" : [ 5.0, 300.0, 13.0, 4.050178 ],
					"band3[1]" : [ 5.0, 400.0, 10.0, 1.881985 ],
					"band4[1]" : [ 5.0, 500.0, 0.0, 1.0 ],
					"band5[1]" : [ 5.0, 800.0, 16.0, 1.881986 ],
					"band6[1]" : [ 5.0, 1000.0, 0.0, 1.0 ]
				}

			}
,
			"4" : 			{
				"id" : 4,
				"data" : 				{
					"band1[1]" : [ 5.0, 200.0, 0.0, 1.568695 ],
					"band2[1]" : [ 5.0, 300.0, 15.0, 1.0 ],
					"band3[1]" : [ 5.0, 400.0, 0.0, 1.881985 ],
					"band4[1]" : [ 5.0, 500.0, 7.0, 1.0 ],
					"band5[1]" : [ 5.0, 800.0, 14.0, 1.0 ],
					"band6[1]" : [ 5.0, 1000.0, 0.0, 1.0 ]
				}

			}

		}

	}

}
